Grób,Barwa zewn.,Barwa wewn.,Faktura,Domieszka,Ornament,Uwagi,Grupa techn.,Masa [g],Iloœæ skorup,Uwagi2.0,guzki miseczkowate,linie ryte,guzki plastyczne,ornament choinkowy,odciski plecionki,otwory na powierzchni,do³ki paznokciowe,otwory pod wylewem,do³ki palcowe,ornament pseudosznurowy,listwy karbowane,listwy plastyczne,ornament stempelkowy,wciêcia w wylewach,ryte okrêgi,nak³uwanie
1,b,b,g,k,ornament sosenkowy; guzy plastyczne na brzuœcu,REKONSTRUOWANA - GIPS!,3a,1956,25,,,,1,1,,,,,,,,,,,,
1,b,b,g,0/k,-,czerpak,3a,88,5,,,,,,,,,,,,,,,,,
1,b,b,g,0/k,-,miseczka,3a,45,1,,,,,,,,,,,,,,,,,
2,b,b,g,0/k,-,-,3a,2080,12,,,,,,,,,,,,,,,,,
3,b,b,g,k,-,-,3a,2257,35,,,,,,,,,,,,,,,,,
4,b,b,g,0/k,kompozycja ornamentu choinkowego i guzów plastycznych na najw. wydêtoœci brzuœca,-,3a,2436,1,,,,1,1,,,,,,,,,,,,
5,b,b,g,k,-,-,3a,1800,55,,,,,,,,,,,,,,,,,
6,b,b,g,0/k,-,REKONSTRUOWANA - GIPS!,3a,1832,52,,,,,,,,,,,,,,,,,
7,b,b,g,k,-,-,3a,1127,26,,,,,,,,,,,,,,,,,
8,,,,,-,-,nan,,85,,,,,,,,,,,,,,,,,
9,b,b,g,k,-,GIPS,3a,2649,1,,,,,,,,,,,,,,,,,
10,b,b,g,g,kompozycja ornamentu pseudosznurowego i pionowych listewek plastycznych,-,3a,3422,76,,,,,,,,,,,1,,1,,,,
11,b,b,ch,k,guz plastyczny z wg³êbieniem; listewki karbowane; otwory pod wylewem; obmazywanie,-,3b,2970,50,,1,,,,,,,1,,,1,,,,,
12,b,b,g,0/k,"kompozycja pionowych i skoœnych linii rytych, ornamentu stempelkowego i poziomych linii rytych; otwory pod wylewem",GIPS,3a,2223,38,,,1,,,,,,1,,,,,1,,,
13,b,b,g,0/k,-,-,3a,3035,23,,,,,,,,,,,,,,,,,
14,b,b,g,0/k,-,-,3a,1486,36,,,,,,,,,,,,,,,,,
15,b,b,g,0/k,-,-,3a,1337,93,,,,,,,,,,,,,,,,,
16,b,b,g,0/k,-,-,3a,1428,20,,,,,,,,,,,,,,,,,
17,b,b,g,0/k,poziome listewki plastyczne,-,3a,1291,45,,,,,,,,,,,,,1,,,,
18,b,b,g,k,-,-,3a,1853,305,,,,,,,,,,,,,,,,,
19,b,b,g,k,grupy pionowych listewek plastycznych; otwory pod wylewem,-,3a,3004,105,,,,,,,,,1,,,,1,,,,
20,b,b,g,k,-,-,3a,1826,29,,,,,,,,,,,,,,,,,
21,b,b,ch,k,listwa karbowana; guzy plastyczne,-,3b,2373,71,,,,1,,,,,,,,1,,,,,
22,b,b,g,k,kompozycja linii rytych i poziomych listewek plastycznych,-,3a,914,61,,,1,,,,,,,,,,1,,,,
23,b,b,g,k,-,-,3a,2231,63,,,,,,,,,,,,,,,,,
24,b,b,g,k,-,-,3a,2809,127,,,,,,,,,,,,,,,,,
24,b,b,g,k,guzy na krawêdzi wylewu,misa,3a,707,18,,,,1,,,,,,,,,,,,,
25,b,b,g,k,-,-,3a,271,300,,,,,,,,,,,,,,,,,
25,b,b,g,k,-,misa,3a,605,37,,,,,,,,,,,,,,,,,
26,b,b,ch,k,-,naczynie miniaturowe; mo zliwe ¿e wymieszane z popielnic¹,3b,57,2,,,,,,,,,,,,,,,,,
26,b,b,ch,k,"kompozycja poziomych i skoœnych rzêdów do³ków paznokciowych, listewek karbowanych i guzów plastycznych; otwory pod wylewem",-,3b,2304,24,,,,1,,,,1,1,,,1,,,,,
27,b,b,g,k,poziome listewki plastyczne; otwory pod wylewem,-,3a,4183,300,,,,,,,,,1,,,,1,,,,
28,b,b,g,0/k,guzki plastyczne; ucha,-,3a,678,282,,,,1,,,,,,,,,,,,,
29,b,b,g,k,doodkolna plastyczna listwa z grupami pionowych listewek/ guzków ,-,3a,2008,38,,,,1,,,,,,,,,1,,,,
30,b,b,g,k,kompozycja linii rytych i poziomych listewek plastycznych,-,3a,3399,36,,,1,,,,,,,,,,1,,,,
31,b,b,g,k,-,-,3a,329,70,,,,,,,,,,,,,,,,,
31,b,b,g,k,guzy plastyczne,-,3a,3080,0,,,,1,,,,,,,,,,,,,
32,b,b,g,k,-,-,3a,576,27,,,,,,,,,,,,,,,,,
33,b,b,g,0/k,-,miseczka,3a,107,9,,,,,,,,,,,,,,,,,
33,b,b,ch,k,listwy plastyczne z do³kami paznokciowymi,-,3b,1090,15,,,,,,,,,,,,1,,,,,
34,b,b,g,"k, s?",-,-,3a,654,30,,,,,,,,,,,,,,,,,
35,b,b,g,0/k,-,-,3a,514,82,,,,,,,,,,,,,,,,,
35,b,b,g,0/k,guzy na krawêdzi wylewu,misa,3a,876,24,,,,1,,,,,,,,,,,,,
36,b,b,g,k,kompozycja poziomych i skoœnych linii ornamentu pseudosznurowego; dwa ucha,-,3a,1432,1,,,,,,,,,,,1,,,,,,
37,b,b,ch,k,otwory pod wylewem; do³ki paznokciowe,-,3b,2163,455,,,,,,,,1,1,,,,,,,,
38,b,b,ch,k,obmazywanie,-,3b,1618,155,,,,,,,,,,,,,,,,,
39,b,b,g,k,-,-,3a,2241,30,,,,,,,,,,,,,,,,,
40,b,b,g,k,-,misa,3a,615,14,,,,,,,,,,,,,,,,,
40,b,b,ch,k,otwory pod wylewem,-,3b,1871,11,,,,,,,,,1,,,,,,,,
40,b,b,ch,k,-,niezidentyfikowany,3b,24,0,,,,,,,,,,,,,,,,,
41,b,b,ch,k,pasma pionowych linii rytych; guzy miseczkowate; otwory pod wylewem; pasmo do³ków paznokciowych,popielnica,3b,1770,190,,1,1,,,,,1,1,,,,,,,,
42,b,b,g,k,-,GIPS,3a,3101,1,,,,,,,,,,,,,,,,,
43,b,b,g,0/k,-,miseczka,3a,119,4,,,,,,,,,,,,,,,,,
43,b,b,g,k,-,-,3a,2360,1,,,,,,,,,,,,,,,,,
44,b,b,g,0,-,czerpak,3a,126,10,,,,,,,,,,,,,,,,,
44,b,b,g,k,-,GIPS,3a,2215,43,,,,,,,,,,,,,,,,,
44,,,,,-,miseczka,nan,,0,,,,,,,,,,,,,,,,,
45,b,b,g,k,-,GIPS,3a,2652,36,,,,,,,,,,,,,,,,,
45,b,b,g,0/k,-,czerpak,3a,42,8,,,,,,,,,,,,,,,,,
45,b,b,g,0/k,-,miseczka; GIPS,3a,108,5,,,,,,,,,,,,,,,,,
46,b,b/c,g,0/k,-,miseczka,3a,96,9,,,,,,,,,,,,,,,,,
46,b,b,g,piasek?,-,GIPS,3a,1955,18,,,,,,,,,,,,,,,,,
47,b,b,g,0/k,kompozycja poziomych i skoœnych linii rytych i guzów plastycznych na najw. wydêtoœci brzuœca,-,3a,2281,1,,,1,1,,,,,,,,,,,,,
47,b,b,g,0/k,-,czerpak,3a,253,0,,,,,,,,,,,,,,,,,
47,b,b,g,k,wciêcie w wylewie,-,3a,1330,0,,,,,,,,,,,,,,,1,,
47,b,c,g,k,-,-,2a,907,0,,,,,,,,,,,,,,,,,
48,b,b,g,k,-,GIPS,3a,2927,39,,,,,,,,,,,,,,,,,
48,b,b,g,k,-,misa,3a,216,4,,,,,,,,,,,,,,,,,
49,b,b,g,0/k,-,miska; GIPS,3a,435,2,,,,,,,,,,,,,,,,,
49,b,b,g,k,-,GIPS,3a,881,92,,,,,,,,,,,,,,,,,
49,b,b,g,k,-,miseczka,3a,138,1,,,,,,,,,,,,,,,,,
50,b,b,g,k,-,misa,3a,149,4,,,,,,,,,,,,,,,,,
50,b,b,ch,k,"guzy plastyczne, w tym z wg³êbieniami; obmazywanie",-,3b,629,32,,1,,1,,,,,,,,,,,,,
51,b,b,g,0/k,-,wa¿enie bez sensu - du¿o GIPSU i koœci,3a,-,15,,,,,,,,,,,,,,,,,
52,b,b,g,0,-,wa¿enie bez sensu - wiêkszoœæ to GIPS,3a,-,16,,,,,,,,,,,,,,,,,
52,b,b,g,k,-,misa,3a,467,95,,,,,,,,,,,,,,,,,
53,b,b,g,0/k,pozioma i grupy skoœnych linii rytych; guzy plastyczne; wszystko na najw. wydêtoœci brzuœca,-,3a,2265,1,,,1,1,,,,,,,,,,,,,
53,b,b,g,0/k,grupy pionowych listewek,GIPS,3a,2797,0,,,,,,,,,,,,,1,,,,
54,b,b,g,k,-,GIPS,3a,2320,35,,,,,,,,,,,,,,,,,
55,b/c,b,g,k,-,-,3a,1772,207,,,,,,,,,,,,,,,,,
55,b,b,g,k,-,-,3a,105,9,,,,,,,,,,,,,,,,,
56,b,b/c,g,0,-,popielnica,3a,649,82,,,,,,,,,,,,,,,,,
56,b,b,g,k,-,misa,3a,73,9,,,,,,,,,,,,,,,,,
57,b,b,g,k,-,misa,3a,3640,28,,,,,,,,,,,,,,,,,
57,b,b/c,g,k,grupy plastycznych guzów na brzuœcu,popielnica; cannot tell the two apart,3a,,110,,,,1,,,,,,,,,,,,,
58,b,b,g,k,-,REKONSTRUOWANA - GIPS!,3a,3169,45,,,,,,,,,,,,,,,,,
58,b/c,b/c,g,k,-,misa,3a,1316,83,,,,,,,,,,,,,,,,,
59,b,b,g,0/k,otwory pod wylewem,misa,3a,818,13,,,,,,,,,1,,,,,,,,
59,b,b/c,g,k,-,popielnica,3a,3027,141,,,,,,,,,,,,,,,,,
60,b,b,g,k,poziome linie ryte; guzy plastyczne na najw. wydêtoœci brzuœca,-,3a,3914,43,,,1,1,,,,,,,,,,,,,
61,b,b,g,0/k,-,-,3a,1862,19,,,,,,,,,,,,,,,,,
62,b,b,g,k,-,-,3a,2823,41,,,,,,,,,,,,,,,,,
62,b,b,g,k,-,misa,3a,327,19,,,,,,,,,,,,,,,,,
63,b,b,ch,k,rz¹d do³ków paznokciowych; obmazywanie,-,3b,2326,95,,,,,,,,1,,,,,,,,,
64,b,b,g,k,-,-,3a,2020,77,,,,,,,,,,,,,,,,,
65,b,b,g,0,-,misa,3a,470,17,,,,,,,,,,,,,,,,,
65,b,b,ch,k,otwory pod wylewem; rz¹d do³ków paznokciowych; pionowe listewki plastyczne,-,3b,2595,95,,,,,,,,1,1,,,,1,,,,
66,b,b,ch,k,"guzy plastyczne, w tym z wg³êbieniami; rz¹d (dookolny) do³ków paznokciowych",-,3b,1047,35,,1,,1,,,,1,,,,,,,,,
67,b,b,ch,k,-,popielnica,3b,1889,120,,,,,,,,,,,,,,,,,
67,b,b,g,k,-,misa,3a,216,25,,,,,,,,,,,,,,,,,
68,b,b,ch,k,dookolna listwa karbowana; guzy miseczkowate; otwory pod wylewem,GIPS,3b,1895,1,,1,,,,,,,1,,,1,,,,,
69,b,b,g,0/k,otwory pod wylewem; grupy pionowych listewek plastycznych,brak mo¿liwoœci zwa¿enia - koœci luzem,3a,-,20,,,,,,,,,1,,,,1,,,,
69,b,b,g,0/k,-,? - brak w spisie,3a,29,0,,,,,,,,,,,,,,,,,
70,b,b,g,k,otwory pod wylewem; grupy pionowych listewek plastycznych ,-,3a,2332,23,,,,,,,,,1,,,,1,,,,
71,b,c,g,k,ornament pseudosznurowy; plastyczne guzy udaj¹ce ucha,-,2a,2216,173,,,,1,,,,,,,1,,,,,,
72,b,b,g,k,-,-,3a,3845,14,,,,,,,,,,,,,,,,,
73,c/b,b,g,k,-,popielnica,1,2580,160,,,,,,,,,,,,,,,,,
74,,,,,-,waza,nan,,65,,,,,,,,,,,,,,,,,
74,,,,,-,czerpak,nan,,3,,,,,,,,,,,,,,,,,
74,,,,,-,misa,nan,,40,,,,,,,,,,,,,,,,,
75,b,b,ch,k,-,popielnica,3b,233,21,,,,,,,,,,,,,,,,,
76,b,b,ch,k,guzy z miseczkowatymi wg³êbieniami; obmazywanie,-,3b,1975,33,,1,,,,,,,,,,,,,,,
77,b,b,g,k,"dookolna linia ryta, guzy plastyczne i grupy ukoœnych linii rytych na za³omie brzuœca",-,3a,2201,3,,,1,1,,,,,,,,,,,,,
78,b,b,ch,k,"do³ki paznokciowe, guzy plastyczne, otwory pod wylewem",REKONSTRUOWANA - GIPS!,3b,3428,37,,,,1,,,,1,1,,,,,,,,
79,b,b,g,k,-,-,3a,1888,47,,,,,,,,,,,,,,,,,
80,b,b,ch,k,-,-,3b,515,63,,,,,,,,,,,,,,,,,
81,b,b,ch,k,rz¹d do³ków paznokciowych; guzki plastyczne; otwory pod wylewem,-,3b,1573,52,,,,,,,,1,,,,,,,,,
82,b/c,b,g,k,-,-,3a,3310,110,,,,,,,,,,,,,,,,,
83,b/c,b,g,k,dookolna linia ryta,-,3a,1661,55,,,1,,,,,,,,,,,,,,
84,b,c/b,g,k,grupy plastycznych guzów na brzuœcu; ornament pseudosznurowy,-,2a,1835,85,,,,1,,,,,,,1,,,,,,
84,b,b,g,k,grupy plastycznych guzów na brzuœcu,-,3a,531,37,,,,1,,,,,,,,,,,,,
85,b,b,g,0/k,guzy plastyczne na najw. wydêtoœci brzuœca,-,3a,2039,47,,,,1,,,,,,,,,,,,,
86,b,b,g,0/k,guzy plastyczne na brzuœcu; ornament poziomych i ukoœnych linii rytych,-,3a,1863,130,,,1,1,,,,,,,,,,,,,
87,b,b,g,0/k,-,-,3a,3053,90,,,,,,,,,,,,,,,,,
88,b,b,g,k,guzki plastyczne na najw. wydêtoœci brzuœca,-,3a,2163,39,,,,1,,,,,,,,,,,,,
89,b,b,g,k,guzy plastyczne na za³omie brzuœca,REKONSTRUOWANA - GIPS!,3a,4195,23,,,,1,,,,,,,,,,,,,
90,b,b,g,k,otwory pod wylewem,-,3a,3709,9,,,,,,,,,1,,,,,,,,
91,b,b,g,0,-,czerpak,3a,66,1,,,,,,,,,,,,,,,,,
91,b/c,b,g,k,"kompozycja ornamentu choinkowego, poziomych linii rytych i grup pionowych listewek plastycznych; otwory pod wylewem",-,3a,2187,50,,,1,,1,,,,1,,,,1,,,,
92,b,b,g,0,"kompozycja poziomych, skoœnych i pionowych linii rytych; przek³ute pionowo guzy - ucha",GIPS,3a,1038,33,,,1,,,,,,,,,,,,,,
93,b,b,ch,k,-,-,3b,599,29,,,,,,,,,,,,,,,,,
94,b,b,g,k,-,-,3a,1401,54,,,,,,,,,,,,,,,,,
95,b,b,g,0,-,czerpak,3a,47,9,,,,,,,,,,,,,,,,,
95,b/c,b,ch,k,dookolna linia ryta; skoœne linie ryte,popielnica,3b,1712,190,,,1,,,,,,,,,,,,,,
96,b,b/c,g,k,-,-,3a,1024,25,,,,,,,,,,,,,,,,,
96,b,b,g,k,-,-,3a,2530,80,,,,,,,,,,,,,,,,,
97,b,b,g,0/k,-,-,3a,1972,80,,,,,,,,,,,,,,,,,
98,b,b,ch,k,otwory pod wylewem; pasmo do³ków paznokciowych; listewki plastyczne zdobione do³kami paznokciowymi,-,3b,3016,46,,,,,,,,1,1,,,1,,,,,
99,b,b,g,k,otwory i linie ryte pod wylewem,-,3a,1918,128,,,1,,,,,,1,,,,,,,,
99,b,b,g,0/k,-,miseczka,3a,36,1,,,,,,,,,,,,,,,,,
100,b,b,g,k,otwory pod wylewem; kompozycja linii rytych,-,3a,1280,91,,,1,,,,,,1,,,,,,,,
101,b,b,ch,k,obmazywanie,-,3b,1056,68,,,,,,,,,,,,,,,,,
102,b,b,g,k,-,-,3a,2658,97,,,,,,,,,,,,,,,,,
102,b,b,g,k/s?/r?,-,miseczka,3a,91,1,,,,,,,,,,,,,,,,,
103,b,b,ch,k,rz¹d do³ków paznokciowych; otwory pod wylewem,-,3b,3239,100,,,,,,,,1,1,,,,,,,,
104,b,b/c,g,k,ucho,misa; GIPS,3a,611,12,,,,,,,,,,,,,,,,,
104,b/c,b/c,g,k,-,-,3a,1361,3,,,,,,,,,,,,,,,,,
105,b,b,g,"k, s",-,-,3a,1444,95,,,,,,,,,,,,,,,,,
106,b,b,g,k,-,-,3a,3052,25,,,,,,,,,,,,,,,,,
107,b,b/c,ch,k,guzki miseczkowate; do³ki paznokciowe; otwory pod wylewem,-,3b,1672,170,,1,,,,,,1,1,,,,,,,,
108,b,b,g,k,otwory pod wylewem,-,3a,1367,270,,,,,,,,,1,,,,,,,,
109,b,b,ch,k,guzy z miseczkowatymi wg³êbieniami; obmazywanie; otwory pod wylewem,-,3b,1796,48,,1,,,,,,,1,,,,,,,,
110,b,b,g,k,guzy plastyczne,-,3a,1175,56,,,,1,,,,,,,,,,,,,
111,b,b,g,k,-,-,3a,2181,190,,,,,,,,,,,,,,,,,
112,b,b,g,k,kompozycja skoœnych listewek plastycznych i skoœnych linii rytych (po trzech stronach naczynia!),-,3a,2652,6,,,1,,,,,,,,,,1,,,,
112,b,b,g,k,grupy guzów na kraw. wylewu,misa,3a,593,29,,,,1,,,,,,,,,,,,,
113,b,c/b,g,k,wciêcie w wylewie,-,2a,1665,56,,,,,,,,,,,,,,,1,,
114,b,b,ch,k,otwory pod wylewem; listewki karbowane,-,3b,2395,82,,,,,,,,,1,,,1,,,,,
115,b,b,ch,"k, s",guzy z wg³êbieniami; do³ki paznokciowe; otwory pod wylewem,-,3b,1804,40,,1,,,,,,1,1,,,,,,,,
115,b,b,g,0,guzy na krawêdzi wylewu,naczynie na pustej nó¿ce; GIPS,3a,510,17,,,,1,,,,,,,,,,,,,
116,b,b,ch,k,do³ki paznokciowe; otwory pod wylewem,-,3b,1181,101,,,,,,,,1,1,,,,,,,,
117,b,b,ch,k,otwory pod krawêdzi¹; guzy plastyczne z wg³êbieniami; do³ki palcowe; obmazywanie,-,3b,3839,151,,1,,,,,,,1,1,,,,,,,
117,b,b,g,0,guzy plastyczne na krawêdzi wylewu,-,3a,462,41,,,,1,,,,,,,,,,,,,
118,b,b,g,k,-,-,3a,1615,80,,,,,,,,,,,,,,,,,
119,b,b,ch,k,-,-,3b,1094,170,,,,,,,,,,,,,,,,,
120,b,b,ch wyg³.,k,kompozycja linii rytych,waza,nan,1461,260,,,1,,,,,,,,,,,,,,
120,b,b,g,0,-,misa,3a,339,110,,,,,,,,,,,,,,,,,
120,b,b,g,k,-,miseczka,3a,73,11,,,,,,,,,,,,,,,,,
121,b,b,g,s,-,-,3a,1708,36,,,,,,,,,,,,,,,,,
122,b,b,g,0/k,"kompozycja guzów i linii rytych, otwory pod wylewem",-,3a,1263,120,,,1,1,,,,,1,,,,,,,,
123,b,b,g,k,-,-,3a,1765,29,,,,,,,,,,,,,,,,,
124,b,b,g,0/k,kompozycja linii rytych i guzów plastycznych,-,3a,2134,51,,,1,1,,,,,,,,,,,,,
124,b,b,g,0/k,-,czerpak,3a,122,4,,,,,,,,,,,,,,,,,
125,b/c,b/c,g,0/k,"ucha, skoœne linie ryte",GIPS,3a,343,10,,,1,,,,,,,,,,,,,,
126,b,b,g,k,kompozycja linii rytych,waza,3a,1827,105,,,1,,,,,,,,,,,,,,
126,b,b,g,k,-,miseczka,3a,86,9,,,,,,,,,,,,,,,,,
126,b,b,g,k,-,miseczka,3a,144,11,,,,,,,,,,,,,,,,,
127,b,b,g,0,cztery ucha,-,3a,831,21,,,,,,,,,,,,,,,,,
128,b,b,g,k,kompozycja linii rytych,-,3a,1542,128,,,1,,,,,,,,,,,,,,
129,b,b,g,k,-,-,3a,1672,37,,,,,,,,,,,,,,,,,
130,b,b,g,k,-,-,3a,2053,67,,,,,,,,,,,,,,,,,
131,b,b,g,0/k,guzy na najw. Wydêtoœci brzuœca; wyciêcie w kraw. Wylewu,-,3a,1152,0,,,,1,,,,,,,,,,,1,,
132,b,b,ch,k,"do³ki paznokciowe, guzy plastyczne, otwory pod wylewem",-,3b,902,23,,,,1,,,,1,1,,,,,,,,
133,b,b,g,0/k,wyciêcie w krawêdzi wylewu,-,3a,2015,1,,,,,,,,,,,,,,,1,,
134,b,b,g,k,-,waza,3a,2100,130,,,,,,,,,,,,,,,,,
134,b,b,g,0/k,-,czerpak,3a,144,1,,,,,,,,,,,,,,,,,
135,b,b,g,k,-,-,3a,2551,76,,,,,,,,,,,,,,,,,
135,,,,,-,misa - BRAK W MATERIALE,nan,,4,,,,,,,,,,,,,,,,,
136,b,b/c,g,k,-,misa,3a,743,26,,,,,,,,,,,,,,,,,
136,b,b,ch,k,otwory pod wylewem,-,3b,2256,140,,,,,,,,,1,,,,,,,,
137,b,b,g,k,otwory pod wylewem,waza,3a,2673,234,,,,,,,,,1,,,,,,,,
137,b,b,g,k,-,misa,3a,481,50,,,,,,,,,,,,,,,,,
138,c/b,c,g,k,kompozycja linii rytych,brunatny przy dnie,4,1870,115,,,1,,,,,,,,,,,,,,
139,b,b,g,k,guzy plastyczne,-,3a,2425,110,,,,1,,,,,,,,,,,,,
140,b,b,ch,k,listewki karbowane; do³ki paznokciowe,-,3b,3082,89,,,,,,,,1,,,,1,,,,,
141,b,b,g,k,listewki plastyczne imituj¹ce ucha,-,3a,753,110,,,,,,,,,,,,,1,,,,
142,b,b,g,k,guzy plastyczne; otwory pod wylewem,misa,3a,1140,36,,,,1,,,,,1,,,,,,,,
142,b,b,ch,"k, s",listwy karbowane; guzy plastyczne; otwory pod wylewem,-,3b,2942,95,,,,1,,,,,1,,,1,,,,,
143,b,c,g,k,kompozycja linii rytych,waza,2a,2119,80,,,1,,,,,,,,,,,,,,
143,b,b,g,0,-,miseczka,3a,80,3,,,,,,,,,,,,,,,,,
144,b,b,ch,k,"otwory pod wylewem, do³ki miseczkowate, do³ki palcowe",garnek,3b,2227,15,,,,1,,,,,1,1,,,,,,,
144,b,b,g,0/k,guzy imituj¹ce ucha,misa,3a,557,44,,,,1,,,,,,,,,,,,,
144,b,b,g,0/k,-,misa,3a,838,43,,,,,,,,,,,,,,,,,
145,b,b,g,k,guzy plastyczne,pow. Zniszczona,3a,580,40,,,,1,,,,,,,,,,,,,
146,b,b,g,k,-,-,3a,1208,150,,,,,,,,,,,,,,,,,
147,b,b,g,k,-,-,3a,828,96,,,,,,,,,,,,,,,,,
148,b,b,g,0/k,kompozycja poziomych i skoœnych linii rytych,-,3a,3004,140,,,1,,,,,,,,,,,,,,
149,b,b,ch,k,-,-,3b,1375,79,,,,,,,,,,,,,,,,,
150,b/c,c/b,g,k,kompozycja poziomych i skoœnych linii rytych i skoœnych listewek,-,2a,1811,30,,,1,,,,,,,,,,1,,,,
151,b,b,ch,k,otwory pod wylewem,-,3b,1646,154,,,,,,,,,1,,,,,,,,
152,b,b,g,"k, s?, roÅ›l",-,-,3a,2365,40,,,,,,,,,,,,,,,,,
153,b,b,g,k,kompozycja ornamentu pseudosznurowego; pionowe listewki plastyczne,waza,3a,598,16,,,,,,,,,,,1,,1,,,,
153,b/c,c/b,g,k,"podwójne, pionowo przek³ute ucha; guzy plastyczne; linia ryta pod wylewem",misa,2a,344,16,,,1,1,,,,,,,,,,,,,
153,b,b,g,0,-,miseczka,3a,36,8,,,,,,,,,,,,,,,,,
154,b,b,g,0/k,-,misa?,3a,656,37,,,,,,,,,,,,,,,,,
154,b,b,g,0/k,-,czerpak,3a,70,9,,,,,,,,,,,,,,,,,
155,b,b,g,k,-,-,3a,850,80,,,,,,,,,,,,,,,,,
156,b,b,g,0/k,-,-,3a,494,40,,,,,,,,,,,,,,,,,
157,b,b,g,0/k,-,-,3a,1447,33,,,,,,,,,,,,,,,,,
158,b,b,ch,k,-,-,3b,2211,126,,,,,,,,,,,,,,,,,
159,b,b,g,k,-,misa,3a,199,22,,,,,,,,,,,,,,,,,
159,b,b,g,0/k,-,-,3a,2474,61,,,,,,,,,,,,,,,,,
160,b,b,g,k,-,miseczka,3a,72,1,,,,,,,,,,,,,,,,,
160,b,b,g,"k, s",-,-,3a,2957,134,,,,,,,,,,,,,,,,,
160,b,b,g,k,-,garnek,3a,880,12,,,,,,,,,,,,,,,,,
161,b,b,g,0/k,pionowe listewki plastyczne i guzy; otwory pod wylewem,-,3a,2316,11,,,,1,,,,,1,,,,1,,,,
161,b,b,g,k,-,misa,3a,379,38,,,,,,,,,,,,,,,,,
162,b,b,g,k,listewki plastyczne,waza,3a,2850,170,,,,,,,,,,,,,1,,,,
162,b,b,g,0/k,grupy podwójnych guzków na kraw. Wylewu,misa,3a,610,50,,,,1,,,,,,,,,,,,,
163,b,b,g,0,-,misa,3a,811,4,,,,,,,,,,,,,,,,,
163,b,b,g,k,-,garnek,3a,486,22,,,,,,,,,,,,,,,,,
164,b,b,g,k,guzy plastyczne,-,3a,718,23,,,,1,,,,,,,,,,,,,
165,b,b,g,k,-,-,3a,2137,113,,,,,,,,,,,,,,,,,
166,b,b,g,0/k,-,-,3a,1479,19,,,,,,,,,,,,,,,,,
167,b,b,g,k,wyciêcie w krawêdzi wylewu,-,3a,2798,35,,,,,,,,,,,,,,,1,,
168,c,b,g,k,-,garnek,1,1870,220,,,,,,,,,,,,,,,,,
168,b,b,g,k,-,misa,3a,596,30,,,,,,,,,,,,,,,,,
169,b,b,g,k,poziome listewki plastyczne,-,3a,2427,37,,,,,,,,,,,,,1,,,,
170,b,b,g,k,kompozycja ornamentu pseudosznurowego,-,3a,2048,38,,,,,,,,,,,1,,,,,,
171,b,b,g,k,-,-,3a,1137,34,,,,,,,,,,,,,,,,,
172,b,b,ch,k,otwory pod wylewem,-,3b,784,83,,,,,,,,,1,,,,,,,,
173,b/c,b,g,"k, s",-,-,3a,2391,76,,,,,,,,,,,,,,,,,
173,b,b,g,k,-,misa,3a,544,26,,,,,,,,,,,,,,,,,
174,b,b,g,k,guzy plastyczne na najw. Wydêtoœci brzuœca,GIPS,3a,2224,5,,,,1,,,,,,,,,,,,,
175,b,b,g,0/k,"kompozycja ornamentu choinkowego, poziomych i skoœnych linii rytych, rytych kó³ek i plastycznych guzów; otwory pod wylewem",GIPS,3a,4409,120,,,1,1,1,,,,1,,,,,,,1,
175,b,b,g,k,-,misa,3a,182,9,,,,,,,,,,,,,,,,,
176,b,b,g,0/k,grupy guzów na najw. Wydêtoœci brzuœca,-,3a,1274,52,,,,1,,,,,,,,,,,,,
177,b,b,g,0/k,-,-,3a,2022,59,,,,,,,,,,,,,,,,,
177,b,b,g,k,-,miseczka,3a,53,1,,,,,,,,,,,,,,,,,
178,b,b,g,0/k,guzy na najw.wydêtoœci brzuœca,-,3a,2161,30,,,,1,,,,,,,,,,,,,
179,b,b,g,0/k/p,-,-,3a,2246,45,,,,,,,,,,,,,,,,,
180,b,b,g,k,-,-,3a,1423,55,,,,,,,,,,,,,,,,,
181,b,b,ch,k,guzy plastyczne z wg³êbieniami,-,3b,1532,22,,1,,,,,,,,,,,,,,,
182,b,b,g,0,grupy pionowych plastycznych listewek; otwory pod wylewem,GIPS,3a,2199,1,,,,,,,,,1,,,,1,,,,
183,b,b,g,0/p,kompozycja poziomych i skoœnych linii rytych i grup pionowych listewek,GIPS,3a,2664,30,,,1,,,,,,,,,,1,,,,
184,b,b,ch,k,listewki karbowane,-,3b,1423,144,,,,,,,,,,,,1,,,,,
185,c/b,b,g,k,kompozycja linii rytych,-,1,2188,170,,,1,,,,,,,,,,,,,,
186,b,b,ch,k,"otwory pod wylewem, do³ki palcowe, rz¹d do³ków paznokciowych",-,3b,2663,105,,,,,,,,1,1,1,,,,,,,
187,b,b,ch,k,odciski palcowe; otwory pod wylewem; obmazywanie,-,3b,2597,55,,,,,,,,,1,1,,,,,,,
188,b,b,ch,k,"do³ki paznokciowe, otwory pod wylewem, obmazywanie",-,3b,3235,113,,,,,,,,1,1,,,,,,,,
189,b,b,ch,k,-,-,3b,2490,140,,,,,,,,,,,,,,,,,
190,b,b,ch,k,-,naczynko miniaturowe,3b,187,1,,,,,,,,,,,,,,,,,
190,b,b,ch,k,-,-,3b,1611,42,,,,,,,,,,,,,,,,,
191,b,b,g,k,kompozycja ornamentu pseudosznurowego i grup skoœnych listewek plastycznych,-,3a,2279,6,,,,,,,,,,,1,,1,,,,
191,b,b,g,k,-,misa,3a,774,16,,,,,,,,,,,,,,,,,
192,b,b,g,"k, s",-,GIPS,3a,3564,102,,,,,,,,,,,,,,,,,
193,b,b,ch,k,"otwory pod wylewem, do³ki paznokciowe, guzy plastyczne",garnek,3b,2085,94,,,,1,,,,1,1,,,,,,,,
193,b,b,g,k,-,misa,3a,475,30,,,,,,,,,,,,,,,,,
194,b,b,g,k,grupy plastycznych guzów na najw. Wydêtoœci brzuœca,-,3a,1518,25,,,,1,,,,,,,,,,,,,
195,b,b,g,k,wyciêcie w krawêdzi wylewu,-,3a,1851,17,,,,,,,,,,,,,,,1,,
196,b,b,g,k,-,misa,3a,423,9,,,,,,,,,,,,,,,,,
196,,,,,-,garnek,nan,,53,,,,,,,,,,,,,,,,,
197,b,b,ch,k,otwory pod wylewem,-,3b,2345,76,,,,,,,,,1,,,,,,,,
198,b,b,g,k,grupy pionowych listewek plastycznych,-,3a,1023,120,,,,,,,,,,,,,1,,,,
199,b,b,ch,k,"guzki miseczkowate, obmazywanie",-,3b,1289,128,,1,,,,,,,,,,,,,,,
200,b,b,-,k,"guzki miseczkowate, otwory pod wylewem",-,nan,2696,171,,1,,,,,,,1,,,,,,,,
201,b,b,ch,k,"guzki miseczkowate, listwy karbowane, otwory pod wylewem",-,3b,2202,65,,1,,,,,,,1,,,1,,,,,
202,b,b,ch,k,"guzki miseczkowate, obmazywanie",garnek,3b,3140,65,,1,,,,,,,,,,,,,,,
202,b,b,g,k,guzy imituj¹ce ucha,misa,3a,677,8,,,,1,,,,,,,,,,,,,
203,b,b,g,k,-,waza,3a,1948,134,,,,,,,,,,,,,,,,,
203,b,b,g,0/k,-,miseczka,3a,32,2,,,,,,,,,,,,,,,,,
203,b,b,g,0/k,-,misa,3a,141,7,,,,,,,,,,,,,,,,,
204,b,b,g,k,-,garnek,3a,1986,58,,,,,,,,,,,,,,,,,
204,b,b,g,0,-,miseczka,3a,74,3,,,,,,,,,,,,,,,,,
205,b,b,ch,k,"otwory pod wylewem, guzki miseczkowate",-,3b,1346,125,,1,,,,,,,1,,,,,,,,
206,b,b,g,k,wciêcie w wylewie,-,3a,1484,30,,,,,,,,,,,,,,,1,,
207,b,b,g,k,-,-,3a,688,45,,,,,,,,,,,,,,,,,
208,c,b,g,k,-,-,1,4390,1,,,,,,,,,,,,,,,,,
208,b,b,g,0/k,-,miseczka,3a,141,1,,,,,,,,,,,,,,,,,
209,b,b,ch,"k, s?",otwory pod wylewem,-,3b,2437,75,,,,,,,,,1,,,,,,,,
210,b,c/b,g,0,otwory pod wylewem,-,2a,1970,1,,,,,,,,,1,,,,,,,,
210,b,b/c,g,k,-,misa,3a,494,24,,,,,,,,,,,,,,,,,
211,b,b,ch,k,"otwory pod wylewem, do³ki paznokciowe",-,3b,653,109,,,,,,,,1,1,,,,,,,,
212,b/c,c,g,0/k,-,-,2a,1191,19,,,,,,,,,,,,,,,,,
213,b,b,ch,"k, s",guzy plastyczne; rz¹d do³ków paznokciowych; ma³e guzki pod wylewem,-,3b,3123,49,,,,1,,,,1,,,,,,,,,
214,b,b,ch,k,-,-,3b,2159,74,,,,,,,,,,,,,,,,,
215,b,b,g,k,-,-,3a,3385,115,,,,,,,,,,,,,,,,,
216,b,b,ch,k,guzki miseczkowate,-,3b,1071,127,,1,,,,,,,,,,,,,,,
217,b,b,g,k,-,-,3a,2288,204,,,,,,,,,,,,,,,,,
217,b,b,g,k,poziome listewki plastyczne imituj¹ce ucha,misa,3a,855,49,,,,,,,,,,,,,1,,,,
218,b,b,ch wyg³.,,-,-,nan,1727,11,,,,,,,,,,,,,,,,,
219,b,b,ch,k,"otwory pod wylewem; guzki plastyczne z wg³êbieniami, listwy karbowane",-,3b,2043,83,,1,,,,,,,1,,,1,,,,,
220,b,b,ch,k,do³ki paznokciowe; guzy plastyczne; listwy karbowane; otwory pod wylewem,-,3b,3679,50,,,,1,,,,1,1,,,1,,,,,
221,b,b,ch,k,otwory pod wylewem,-,3b,2096,30,,,,,,,,,1,,,,,,,,
222,b,b,g,k,-,-,3a,1262,39,,,,,,,,,,,,,,,,,
223,b,b,ch,k,"otwory pod wylewem, listwy karbowane, obmazywanie",-,3b,1263,94,,,,,,,,,1,,,1,,,,,
224,b,b,ch,k,"otwory pod wylewem, linie ryte (?), obmazywanie",garnek,3b,1599,114,,,1,,,,,,1,,,,,,,,
224,b,b,g,k,-,misa,3a,351,26,,,,,,,,,,,,,,,,,
225,b,b,ch,k,obmazywanie,-,3b,2695,66,,,,,,,,,,,,,,,,,
226,b,b,g,k,-,-,3a,963,71,,,,,,,,,,,,,,,,,
226,b,b,g,0,-,misa,3a,229,29,,,,,,,,,,,,,,,,,
227,b,b,ch,k,do³ki paznokciowe,-,3b,1390,136,,,,,,,,1,,,,,,,,,
228,b,b,ch,k,-,-,3b,1083,26,,,,,,,,,,,,,,,,,
229,b,b,g,k,przek³ute guzy imituj¹ce ucha,-,3a,613,45,,,,1,,,,,,,,,,,,,
230,b,b,ch,k,-,-,3b,1194,130,,,,,,,,,,,,,,,,,
231,b,b,g,k,-,-,3a,1875,90,,,,,,,,,,,,,,,,,
232,b,b,g,k,kompozycja linii rytych i guzów plastycznych,-,3a,372,32,,,1,1,,,,,,,,,,,,,
233,b,b,ch,k,do³ki paznokciowe,-,3b,2169,116,,,,,,,,1,,,,,,,,,
234,b,b,g,k,pod³u¿ne plastyczne guzy,waza,3a,3795,51,,,,1,,,,,,,,,,,,,
234,b,b,g,k,-,misa,3a,509,25,,,,,,,,,,,,,,,,,
235,b,b,g,k,-,waza,3a,2990,38,,,,,,,,,,,,,,,,,
235,b,b,g,0/k,-,misa,3a,407,20,,,,,,,,,,,,,,,,,
236,b,b,g,k,guzy na najw. Wydêtoœci brzuœca,-,3a,2347,86,,,,1,,,,,,,,,,,,,
237,b,b,g,k,przek³uty poziomo guz imituj¹cy ucho,misa,3a,856,11,,,,1,,,,,,,,,,,,,
237,b,b/c,g,k,-,-,3a,646,30,,,,,,,,,,,,,,,,,
238,b,b,g,k,-,GIPS,3a,1954,61,,,,,,,,,,,,,,,,,
239,b,b/c,g,k,grupy plastycznych listewek,-,3a,1614,90,,,,,,,,,,,,,1,,,,
240,b,b,g,k(s?),wyg³adzanie,garnek,3a,1819,135,,,,,,,,,,,,,,,,,
240,b,b,g,k,-,misa,3a,764,48,,,,,,,,,,,,,,,,,
241,b,b/c,g,k,guzy imituj¹ce ucha,misa,3a,169,7,,,,1,,,,,,,,,,,,,
241,b,b,ch,k,listewki karbowane,-,3b,2805,80,,,,,,,,,,,,1,,,,,
242,b,b,ch,k,"otwory pod wylewem, rz¹d do³ków paznokciowych",garnek,3b,2026,85,,,,,,,,1,1,,,,,,,,
242,b,b,g,0,-,miseczka,3a,82,1,,,,,,,,,,,,,,,,,
243,b,b,ch,k,"guzki plastyczne z wg³êbieniami, do³ki paznokciowe",-,3b,1836,110,,1,,,,,,1,,,,,,,,,
244,b,b,g,0/k,kompozycja linii rytych na brzuœcu,waza,3a,2030,96,,,1,,,,,,,,,,,,,,
244,b,b,g,0/k,-,miseczka,3a,124,24,,,,,,,,,,,,,,,,,
245,b,b,g,0/k,-,-,3a,1561,53,,,,,,,,,,,,,,,,,
245,b,b,g,k,-,miseczka,3a,42,1,,,,,,,,,,,,,,,,,
246,b,b,g,0/k,-,-,3a,1664,25,,,,,,,,,,,,,,,,,
246,b,b,g,0/k/p?,guzy plastyczne na kraw. Wylewu; podwójnie pionowo przek³uta listewka imituj¹ca ucha,misa,3a,683,41,,,,1,,,,,,,,,1,,,,
247,b,b,g,k,-,-,3a,2417,40,,,,,,,,,,,,,,,,,
248,b,b,g,k,-,-,3a,1426,122,,,,,,,,,,,,,,,,,
249,b,b,ch,k,-,bia³y nalot,3b,257,16,,,,,,,,,,,,,,,,,
250,b,b,-,k,-,-,nan,325,17,,,,,,,,,,,,,,,,,
251,b,b,g,k,kompozycja linii rytych,waza,3a,324,23,,,1,,,,,,,,,,,,,,
251,b,b,g,k,-,misa,3a,28,2,,,,,,,,,,,,,,,,,
252,b,b,g,k,-,-,3a,2478,39,,,,,,,,,,,,,,,,,
253,b,b,g,k,"kompozycja linii rytych i listewek plastycznych, otwory pod wylewem",-,3a,2146,130,,,1,,,,,,1,,,,1,,,,
254,b,b,ch,k,otwory pod wylewem,garnek,3b,2244,86,,,,,,,,,1,,,,,,,,
254,,,,,-,naczynie o lekko wychylonym wylewie,nan,,32,,,,,,,,,,,,,,,,,
255,b,b,g,k,kompozycja linii rytych,waza,3a,1860,207,,,1,,,,,,,,,,,,,,
255,b,b,g,0/k,-,czerpak,3a,60,1,,,,,,,,,,,,,,,,,
256,b,b,g,"0/k, s?",-,GIPS,3a,1835,65,,,,,,,,,,,,,,,,,
256,b,b,g,k,-,miseczka,3a,91,1,,,,,,,,,,,,,,,,,
257,b,b,g,k,-,-,3a,1060,25,,,,,,,,,,,,,,,,,
258,b,b,g,k,plastyczna listwa z grupami skoœnych listewek na najw. Wydêtoœci brzuœca,-,3a,1495,65,,,,,,,,,,,,,1,,,,
259,b,b,g,0/k,grupy pionowych listewek imituj¹cych ucha,-,3a,713,16,,,,,,,,,,,,,1,,,,
260,b,b,ch,k,"otwory pod wylewem, listwa karbowana",-,3b,2458,67,,,,,,,,,1,,,1,,,,,
261,b,b,ch,k,"guzy plastyczne, do³ki paznokciowe, listewki plastyczne, otwory pod wylewem",garnek,3b,3024,170,,,,1,,,,1,1,,,,1,,,,
261,b,b,g,k,grupy pionowych listewek plastycznych,waza,3a,2315,77,,,,,,,,,,,,,1,,,,
261,b,b,g,0/k,-,misa,3a,303,13,,,,,,,,,,,,,,,,,
262,b,b,g,k,kompozycja linii rytych,-,3a,934,88,,,1,,,,,,,,,,,,,,
263,b,b,g,k,poziome guzy plastyczne,-,3a,1551,46,,,,1,,,,,,,,,,,,,
264,b,c/b,g,k,kompozycja linii rytych; poziome ucha,misa,2a,1120,38,,,1,,,,,,,,,,,,,,
264,b,b,g,k,-,waza,3a,1021,62,,,,,,,,,,,,,,,,,
265,b,b/c,g,k,-,misa,3a,219,8,,,,,,,,,,,,,,,,,
265,b,b,g,0/k,-,-,3a,1740,1,,,,,,,,,,,,,,,,,
266,b,b,g,k,-,waza,3a,2343,245,,,,,,,,,,,,,,,,,
266,b,b,g,k,-,czerpak,3a,95,1,,,,,,,,,,,,,,,,,
266,b,b,g,0/k,-,czerpak,3a,75,1,,,,,,,,,,,,,,,,,
267,b,b,g,k,kompozycja linii rytych,waza,3a,2229,179,,,1,,,,,,,,,,,,,,
267,b,b,g,0,-,miseczka,3a,90,1,,,,,,,,,,,,,,,,,
267,b,b,g,0,-,czerpak,3a,141,1,,,,,,,,,,,,,,,,,
268,b,b,g,k,pionowe plastyczne listewki imituj¹ce ucha,-,3a,1325,70,,,,,,,,,,,,,1,,,,
269,b,b,ch,k,guzki miseczkowate; otwory pod wylewem,-,3b,3320,91,,1,,,,,,,1,,,,,,,,
270,b,b,g,0/k,-,-,3a,2786,51,,,,,,,,,,,,,,,,,
271,b,b,g,0,kompozycja linii rytych,-,3a,1219,32,,,1,,,,,,,,,,,,,,
272,b,b,g,k,podwójnie przek³ute listewki imituj¹ce ucha,-,3a,2230,50,,,,,,,,,,,,,1,,,,
273,b,b,g,k,kompozycja linii rytych poziomych i skoœnych,waza,3a,1435,110,,,1,,,,,,,,,,,,,,
273,b,b,g,0/k,-,miseczka,3a,55,1,,,,,,,,,,,,,,,,,
274,b,c,g,k,"ucha, ornament pseudosznurowy",-,2a,1024,81,,,,,,,,,,,1,,,,,,
275,c,b,g,k,-,waza,1,769,72,,,,,,,,,,,,,,,,,
275,b,b,ch,k,-,misa,3b,454,23,,,,,,,,,,,,,,,,,
276,b,b,ch,k,"do³ki paznokciowe, guzy plastyczne",garnek,3b,1053,62,,,,1,,,,1,,,,,,,,,
276,b,b,g,k,-,misa,3a,83,4,,,,,,,,,,,,,,,,,
277,b,b,g,k,guzy plastyczne,waza,3a,419,72,,,,1,,,,,,,,,,,,,
277,b,b,g,k,-,misa,3a,335,17,,,,,,,,,,,,,,,,,
277,b,b,g,0/k,-,miseczka,3a,62,4,,,,,,,,,,,,,,,,,
278,b,b,ch,k,guzy miseczkowate,-,3b,1230,13,,1,,,,,,,,,,,,,,,
279,b,b,g,k,-,garnek,3a,1882,70,,,,,,,,,,,,,,,,,
279,b,b,g,k,-,misa,3a,456,26,,,,,,,,,,,,,,,,,
280,b,b,ch,k,"otwory pod wylewem, guzki plastyczne",-,3b,1604,94,,,,1,,,,,1,,,,,,,,
280,b,b,g,0/k,-,misa,3a,26,2,,,,,,,,,,,,,,,,,
280,b,b,g,0,-,czerpak,3a,39,2,,,,,,,,,,,,,,,,,
281,b,b,g,0/k,-,-,3a,905,38,,,,,,,,,,,,,,,,,
282,b,b,g,k,"kompozycja linii rytych i guzów plastycznych, otwory pod wylewem",-,3a,2030,104,,,1,1,,,,,1,,,,,,,,
283,b,b,g,k,-,-,3a,2318,33,,,,,,,,,,,,,,,,,
283,b,b,g,k,-,miseczka,3a,109,4,,,,,,,,,,,,,,,,,
284,b,b,g,0/k,-,-,3a,1091,1,,,,,,,,,,,,,,,,,
284,b,b,g,k,-,misa,3a,264,22,,,,,,,,,,,,,,,,,
284,b,b,g,k,-,czerpak,3a,84,3,,,,,,,,,,,,,,,,,
285,b,b,g,k,plastyczne guzy na kraw. Wylewu,misa,3a,570,20,,,,1,,,,,,,,,,,,,
285,b,b,g,k,do³ki paznokciowe; otwory pod wylewem,-,3a,3281,8,,,,,,,,1,1,,,,,,,,
286,b,b,g,k,-,-,3a,1466,6,,,,,,,,,,,,,,,,,
287,b,b,g,0/k,-,-,3a,1177,16,,,,,,,,,,,,,,,,,
288,b,b,g,k,-,-,3a,1209,68,,,,,,,,,,,,,,,,,
289,b,b,g,0/k,skoœne listewki plastyczne,-,3a,2295,37,,,,,,,,,,,,,1,,,,
290,b,b,g,0/k,-,czerpak,3a,132,1,,,,,,,,,,,,,,,,,
290,b,b,g,k,poziome listewki plastyczne,-,3a,2894,1,,,,,,,,,,,,,1,,,,
291,b,b,g,0/k,"kompozycja plastycznych guzów, linii rytych i ornamentu choinkowego; otwory pod wylewem",-,3a,1245,31,,,1,1,1,,,,1,,,,,,,,
292,b,b,g,"k, s",-,-,3a,767,16,,,,,,,,,,,,,,,,,
293,b,b,g,k,kompozycja skoœnych i poziomych linii rytych i grup pionowych listewek,-,3a,2404,40,,,1,,,,,,,,,,1,,,,
294,b,b,g,0/k,-,-,3a,2057,66,,,,,,,,,,,,,,,,,
294,b,b,g,"k, s?",poprzeczna listewka imituj¹ca ucho,misa,3a,415,16,,,,,,,,,,,,,1,,,,
295,b,b,g,k,-,garnek,3a,644,110,,,,,,,,,,,,,,,,,
295,b,b,g,k,-,czerpak,3a,298,1,,,,,,,,,,,,,,,,,
296,b,b,g,k,-,-,3a,1105,130,,,,,,,,,,,,,,,,,
297,b,b,g,k,-,-,3a,939,48,,,,,,,,,,,,,,,,,
298,b,b/c,g,k,otwory pod wylewem,brunatny przy wylewie,3a,1207,115,,,,,,,,,1,,,,,,,,
299,b,b,g,k,-,miseczka,3a,83,1,,,,,,,,,,,,,,,,,
299,b/c,b/c,-,k,zniszczenie powierzchni,miska,nan,428,6,,,,,,,,,,,,,,,,,
300,b,b,g,k,kompozycja linii rytych i guzów plastycznych,-,3a,717,18,,,1,1,,,,,,,,,,,,,
301,b,b,g,k,guz na kraw. Wylewu,misa,3a,87,2,,,,1,,,,,,,,,,,,,
301,b,b,g,0/k,"kompozycja ornamentu choinkoweg, linii rytych i grup pionowych listewek",-,3a,2827,139,,,1,,1,,,,,,,,1,,,,
302,b,b,g,k/s?,kompozycja ukoœnych linii rytych i guzów plastycznych,-,3a,3037,73,,,1,1,,,,,,,,,,,,,
303,b,b,g,k,-,-,3a,747,8,,,,,,,,,,,,,,,,,
304,c/b,b,g,k,"kompozycja linii rytych i guzów plastycznych, imitacja uszu, otwory pod wylewem",brunatny przy wylewie,1,3385,80, XSSSSS,,1,1,,,,,1,,,,,,,,
305,b,b,g,k,ostry brzusiec,-,3a,2590,66,,,,,,,,,,,,,,,,,
306,b,b,ch,k,podwójny rz¹d ma³ych nak³uæ,-,3b,581,38,,,,,,,,,,,,,,,,,1
307,b,b,g,0/k,ucha,GIPS,3a,1275,53,,,,,,,,,,,,,,,,,
308,b,b,g,k,"grupy guzów plastycznych po 3, dookolne linie ryte, stempelki, otwory pod wylewem",garnek,3a,2609,92,,,1,1,,,,,1,,,,,1,,,
308,b,b,g,k,-,misa,3a,437,22,,,,,,,,,,,,,,,,,
309,b,b,g,0,-,GIPS,3a,1094,16,,,,,,,,,,,,,,,,,
310,b,b,g,0,-,-,3a,609,27,,,,,,,,,,,,,,,,,
311,b,b,g,k,linia ryta; guzy plastyczne,-,3a,1783,21,,,1,1,,,,,,,,,,,,,
312,b,b,g,0/k,guzki plastyczne na brzuœcu,-,3a,1272,18,,,,1,,,,,,,,,,,,,
313,b,b,ch,k,-,-,3b,828,125,,,,,,,,,,,,,,,,,
314,b,b,g,k,"ucha, guzy plastyczne",-,3a,1114,40,,,,1,,,,,,,,,,,,,
314,b,b,g,0,-,miseczka (czerpak w ksiêdze),3a,47,1,,,,,,,,,,,,,,,,,
314,b,b,g,0,-,czerpak,3a,73,3,,,,,,,,,,,,,,,,,
315,b,b,ch,k,"guzki miseczkowate, do³ki paznokciowe, otwory pod wylewem",garnek,3b,2507,90,,1,,,,,,1,1,,,,,,,,
315,b,b,g,k,-,misa,3a,81,5,,,,,,,,,,,,,,,,,
316,b,b,g,k,guzki plastyczne,-,3a,2962,107,,,,1,,,,,,,,,,,,,
317,b,b,g,k,-,garnek,3a,3238,39,,,,,,,,,,,,,,,,,
317,b,b,g,0/k,-,miseczka,3a,92,1,,,,,,,,,,,,,,,,,
318,b,b,g,k,-,waza,3a,1932,88,,,,,,,,,,,,,,,,,
318,b,b,g,k,-,czerpak,3a,59,7,,,,,,,,,,,,,,,,,
319,b,b,ch,k,"dookolna listwa plastyczna, otwory pod wylewem, obmazywanie",-,3b,1160,150,,,,,,,,,1,,,,1,,,,
319,b/c,b/c,g,k,-,misa,3a,286,24,,,,,,,,,,,,,,,,,
320,b,b,g,k,-,-,3a,960,32,,,,,,,,,,,,,,,,,
321,b,b,g,k,otwory pod wylewem,misa z otworkami,3a,600,18,,,,,,,,,1,,,,,,,,
321,b,b,g,0/k,-,w tekœcie - misa z guzkami; w materiale guzków nie zauwa¿y³em,3a,431,35,,,,,,,,,,,,,,,,,
322,b,b,g,k,poziome listewki plastyczne,-,3a,1346,13,,,,,,,,,,,,,1,,,,
323,b,b,g,0/k/s?,-,-,3a,1269,1,,,,,,,,,,,,,,,,,
324,b,b,g,0/k/s?,-,-,3a,1363,36,,,,,,,,,,,,,,,,,
325,b,b/c,g,k,kompozycja ornamentu pseudosznurowego i guzów plastycznych,-,3a,2936,48,,,,1,,,,,,,1,,,,,,
326,b,b,g,0,wciêcie w wylewie?,misa,3a,711,70,,,,,,,,,,,,,,,1,,
327,b,b,g,0/k,kompozycja linii rytych i guzków plastycznych,waza,3a,1741,87,,,1,1,,,,,,,,,,,,,
327,b,b,g,0,-,"w inwentarzu miseczka, w materiale czerpak",3a,129,8,,,,,,,,,,,,,,,,,
328,b,b,g,k,wciêcie w wylewie,-,3a,483,26,,,,,,,,,,,,,,,1,,
329,b,b,g,0/k,otwory pod wylewem,-,3a,2468,151,,,,,,,,,1,,,,,,,,
330,b,b,g,k,-,-,3a,2135,130,,,,,,,,,,,,,,,,,
331,b,b,ch,k,"listewki plastyczne, do³ki paznokciowe",-,3b,1159,60,,,,,,,,1,,,,,1,,,,
332,b,b,ch,k,otwory pod wylewem,-,3b,1224,51,,,,,,,,,1,,,,,,,,
333,b,b,ch,k,-,garnek,3b,855,28,,,,,,,,,,,,,,,,,
333,b,b,g,k,-,misa,3a,267,10,,,,,,,,,,,,,,,,,
334,b,b,g,0/k,guzy plastyczne; wciêcie w wylewie,-,3a,2203,60,,,,1,,,,,,,,,,,1,,
335,b,b,ch,k,"otwory pod wylewem, guzki plastyczne",-,3b,1371,76,,,,1,,,,,1,,,,,,,,
336,b/c,b/c,ch,k,kompozycja linii rytych i guzów plastycznych,-,3b,1910,70,,,1,1,,,,,,,,,,,,,
BRAK METRYKI,b,b,g,k,otwory pod wylewem,waza,3a,1906,0,,,,,,,,,1,,,,,,,,
ar 2 æw. B g³. 20-60,b,b,ch,k,listewki karbowane,-,3b,442,17,,,,,,,,,,,,1,,,,,
ar 2 æw. B g³. 20-60,b,b,g,k,guzki plastyczne,-,3a,299,33,,,,1,,,,,,,,,,,,,
ar 2 æw. B g³. 20-60,c,c,g,k,-,-,4,3,1,,,,,,,,,,,,,,,,,
ar 2 æw. B g³. 20-60,b,b,g,0,-,czerpak,3a,110,2,,,,,,,,,,,,,,,,,
ar 2 æw. B g³. 20-60,b,b,g,k,-,czerpak,3a,67,6,,,,,,,,,,,,,,,,,
ar 5 æw. C,b,b,g,0,do³ki paznokciowe,-,3a,50,16,,,,,,,,1,,,,,,,,,
ar 5 æw. b,b,b,g,k,-,-,3a,15,6,,,,,,,,,,,,,,,,,
ar 4 æw. C,,,,,-,nowo¿yty,nan,,2,,,,,,,,,,,,,,,,,
ar 5 æw. D,,,,,-,zniszczone,nan,,5,,,,,,,,,,,,,,,,,
luz,b,c,g,k,-,-,2a,26,4,,,,,,,,,,,,,,,,,
luz ,b,b,g,k,-,-,3a,42,5,,,,,,,,,,,,,,,,,
ar 1 æw. C,b,b,g,k,-,-,3a,154,7,,,,,,,,,,,,,,,,,
ar 1 æw. C,b,b,ch,k,-,-,3b,31,2,,,,,,,,,,,,,,,,,
luz,b,b,g,k,-,-,3a,1909,104,,,,,,,,,,,,,,,,,
luz,b,b,ch,k,-,-,3b,57,3,,,,,,,,,,,,,,,,,
