Jama,Grupa,Masa_[g]
2,2A,5
2,3A,9
2,3B,31
2,3C,188
2,?,11
,,
,,
,,
,,
,,
,,
3,2A,98
3,3A,81
3,3B,281
3,3C,513
3,?,64
,,
,,
,,
,,
,,
,,
,,
,,
,,
,,
,,
,,
,,
,,
,,
,,
,,
,,
,,
,,
,,
,,
,,
,,
,,
,,
,,
,,
,,
,,
,,
,,
,,
,,
,,
,,
,,
,,
,,
,,
,,
,,
,,
,,
,,
,,
,,
,,
,,
,,
,,
,,
,,
,,
,,
,,
,,
,,
,,
,,
,,
,,
,,
,,
,,
,,
,,
,,
,,
,,
,,
,,
,,
4,2A,2
4,3A,4
4,3B,18
4,3C,99
4,4,7
4,?,14
,,
,,
,,
,,
,,
,,
,,
,,
,,
,,
,,
,,
,,
6,1,22
6,2B,34
6,3A,233
6,3B,287
6,3C,399
6,4,9
6,?,69
,,
,,
,,
,,
,,
,,
,,
,,
,,
,,
,,
,,
,,
,,
,,
,,
,,
,,
,,
,,
,,
,,
,,
,,
,,
,,
,,
,,
,,
,,
,,
,,
,,
,,
,,
,,
,,
,,
,,
,,
,,
,,
,,
,,
,,
,,
,,
,,
,,
7,3A,11
7,3B,101
7,3C,11
7,?,15
,,
,,
,,
,,
,,
,,
8,3B,43
8,?,7
,,
,,
,,
luz,2A,26
luz,3B,144
luz,3C,19
luz,?,27
,,
,,
,,
,,
,,
,,
,,
,,
,,
,,
,,
,,
,,
9,1,12
9,2A,8
9,2B,287
9,3A,79
9,3B,86
9,3C,307
9,?,99
,,
,,
,,
,,
,,
,,
,,
,,
,,
,,
,,
,,
,,
,,
,,
,,
,,
,,
,,
,,
,,
,,
,,
,,
,,
,,
,,
,,
,,
,,
,,
,,
,,
,,
,,
,,
,,
,,
10,3B,218
,,
11,1,45
11,2A,83
11,2B,18
11,3A,61
11,3B,245
11,3C,54
11,?,9
,,
,,
,,
,,
,,
,,
,,
,,
,,
,,
,,
,,
,,
,,
,,
,,
,,
,,
,,
,,
,,
,,
,,
,,
,,
,,
,,
12,2A,5
12,2B,35
12,3A,166
12,3B,74
12,3C,218
12,4,20
12,?,115
,,
,,
,,
,,
,,
,,
,,
,,
,,
,,
,,
,,
,,
,,
,,
,,
,,
,,
,,
,,
,,
,,
,,
,,
,,
,,
,,
,,
,,
,,
,,
,,
,,
,,
,,
,,
,,
,,
,,
13,2A,2
13,2B,29
13,3A,380
13,3B,161
13,3C,558
13,4,5
13,?,121
,,
,,
,,
,,
,,
,,
,,
,,
,,
,,
,,
,,
,,
,,
,,
,,
,,
,,
,,
,,
,,
,,
,,
,,
,,
,,
,,
,,
,,
,,
,,
,,
,,
,,
,,
,,
,,
,,
,,
,,
,,
,,
,,
,,
,,
,,
,,
,,
,,
18,2A,32
18,2B,72
18,3A,202
18,3B,180
18,3C,439
18,4,1
18,?,38
,,
,,
,,
,,
,,
,,
,,
,,
,,
,,
,,
,,
,,
,,
,,
,,
,,
,,
,,
,,
,,
,,
,,
,,
,,
,,
,,
,,
,,
,,
,,
,,
,,
,,
,,
,,
,,
,,
,,
,,
,,
,,
,,
,,
,,
,,
,,
,,
,,
,,
,,
,,
,,
,,
,,
,,
,,
,,
,,
,,
,,
,,
,,
21,1,24
21,2A,397
21,3A,479
21,3B,144
21,?,40
,,
,,
,,
,,
,,
,,
,,
,,
,,
,,
,,
,,
,,
,,
,,
,,
,,
,,
,,
,,
,,
,,
,,
,,
,,
,,
,,
,,
,,
,,
,,
,,
,,
,,
,,
,,
,,
,,
,,
,,
,,
,,
,,
,,
,,
,,
,,
,,
,,
,,
,,
,,
,,
,,
,,
22,1,13
22,2B,34
22,3A,108
22,3B,333
22,3C,170
22,?,85
,,
,,
,,
,,
,,
,,
,,
,,
,,
,,
,,
,,
,,
,,
,,
,,
,,
,,
,,
,,
,,
,,
,,
,,
,,
,,
,,
,,
,,
,,
,,
,,
,,
,,
,,
,,
,,
,,
23,3B,41
23,3C,165
23,?,11
,,
,,
,,
,,
,,
,,
,,
,,
,,
24,2A,122
24,2B,10
24,3A,47
24,3B,133
24,3C,75
24,?,113
,,
,,
,,
,,
,,
,,
,,
,,
,,
,,
,,
,,
,,
,,
,,
,,
,,
,,
,,
,,
,,
,,
,,
,,
25,2B,17
25,3A,37
25,3B,50
25,3C,154
25,?,8
,,
,,
,,
,,
,,
,,
,,
,,
,,
,,
,,
,,
,,
,,
,,
27,3A,94
27,3B,110
27,3C,164
27,?,44
,,
,,
,,
,,
,,
,,
,,
,,
,,
,,
,,
,,
,,
,,
,,
,,
,,
,,
,,
,,
,,
,,
,,
,,
,,
,,
,,
,,
,,
29,1,16
29,2A,146
29,2B,5
29,3A,28
29,3B,255
29,3C,200
29,4,12
29,?,8
,,
,,
,,
,,
,,
,,
,,
,,
,,
,,
,,
,,
,,
,,
,,
,,
,,
,,
,,
,,
,,
,,
,,
,,
,,
,,
,,
,,
,,
,,
,,
,,
,,
,,
,,
,,
,,
,,
,,
,,
,,
,,
,,
,,
,,
,,
,,
,,
,,
,,
,,
,,
30,2A,41
30,3A,117
30,3B,114
30,3C,20
30,?,1
,,
,,
,,
,,
,,
,,
,,
,,
,,
,,
,,
,,
33,3B,24
33,3C,31
,,
,,
28,2A,12
28,2B,77
28,3A,345
28,3B,252
28,3C,691
28,4,45
28,?,42
,,
,,
,,
,,
,,
,,
,,
,,
,,
,,
,,
,,
,,
,,
,,
,,
,,
,,
,,
,,
,,
,,
,,
,,
,,
,,
,,
,,
,,
,,
,,
,,
,,
,,
,,
,,
,,
,,
,,
,,
,,
,,
,,
,,
,,
,,
,,
,,
,,
,,
,,
,,
,,
,,
34,2A,14
34,3A,41
34,3B,216
34,3C,67
34,?,26
,,
,,
,,
,,
,,
,,
,,
,,
,,
,,
,,
,,
,,
,,
,,
,,
,,
,,
,,
,,
,,
,,
,,
,,
,,
,,
,,
,,
,,
37,3A,33
37,3B,40
37,3C,94
37,?,7
,,
,,
,,
,,
,,
,,
,,
,,
41,2A,21
41,2B,38
41,3A,70
41,3B,108
41,3C,345
41,?,52
,,
,,
,,
,,
,,
,,
,,
,,
,,
,,
,,
,,
,,
,,
,,
,,
,,
,,
,,
,,
,,
,,
,,
,,
,,
,,
,,
,,
,,
,,
,,
,,
,,
,,
,,
,,
,,
,,
,,
,,
,,
,,
,,
,,
,,
45,1,49
45,2A,13
45,2B,162
45,3A,100
45,3B,569
45,3C,1093
45,?,89
,,
,,
,,
,,
,,
,,
,,
,,
,,
,,
,,
,,
,,
,,
,,
,,
,,
,,
,,
,,
,,
,,
,,
,,
,,
,,
,,
,,
,,
,,
,,
,,
,,
,,
,,
,,
,,
,,
,,
,,
,,
,,
,,
,,
,,
,,
,,
,,
,,
,,
,,
,,
,,
,,
,,
,,
,,
,,
,,
,,
,,
,,
,,
,,
,,
,,
,,
,,
,,
,,
,,
,,
,,
,,
,,
,,
,,
,,
,,
,,
,,
,,
,,
,,
,,
,,
,,
,,
,,
,,
,,
,,
,,
,,
,,
,,
,,
,,
,,
,,
,,
,,
,,
,,
,,
,,
,,
,,
,,
,,
,,
,,
,,
,,
,,
,,
,,
,,
,,
,,
,,
,,
,,
,,
,,
49,3A,5
49,3B,52
49,3C,11
,,
,,
,,
,,
56,2A,1
56,3A,14
56,?,24
,,
57,3A,16
57,3B,6
57,3C,44
57,?,27
,,
,,
,,
,,
60,2B,122
60,3A,16
60,3B,38
60,3C,445
60,?,22
,,
,,
,,
,,
,,
,,
,,
,,
,,
,,
,,
,,
,,
,,
,,
,,
,,
,,
,,
,,
,,
,,
,,
,,
,,
,,
,,
,,
61,3A,203
61,3B,1099
61,3C,286
61,?,132
,,
,,
,,
,,
,,
,,
,,
,,
,,
,,
,,
,,
,,
,,
,,
,,
,,
,,
,,
,,
,,
,,
,,
,,
,,
,,
,,
,,
,,
,,
,,
,,
,,
,,
,,
,,
,,
,,
,,
,,
,,
,,
,,
,,
,,
,,
,,
,,
,,
,,
,,
,,
,,
,,
,,
,,
,,
,,
,,
,,
,,
,,
,,
,,
,,
,,
,,
,,
,,
,,
,,
,,
,,
,,
,,
,,
,,
,,
,,
,,
,,
,,
,,
,,
,,
,,
,,
,,
,,
,,
,,
,,
,,
,,
,,
,,
,,
,,
,,
,,
,,
,,
,,
,,
,,
,,
,,
,,
,,
,,
,,
,,
,,
,,
,,
,,
,,
,,
,,
,,
,,
,,
,,
,,
,,
,,
,,
,,
,,
,,
,,
,,
,,
,,
,,
62,3A,3
62,3B,76
62,3C,23
,,
,,
,,
,,
64,2A,39
64,3A,13
64,3B,96
64,3C,172
64,?,47
,,
,,
,,
,,
,,
,,
,,
,,
,,
,,
,,
,,
,,
,,
,,
,,
,,
,,
,,
,,
,,
,,
,,
65,2A,36
65,2B,105
65,3A,84
65,3B,250
65,3C,420
65,?,130
,,
,,
,,
,,
,,
,,
,,
,,
,,
,,
,,
,,
,,
,,
,,
,,
,,
,,
,,
,,
,,
,,
,,
,,
,,
,,
,,
,,
,,
,,
,,
,,
,,
,,
,,
66,2A,20
66,3A,12
66,3B,1379
66,3C,1132
66,?,184
,,
,,
,,
,,
,,
,,
,,
,,
,,
,,
,,
,,
,,
,,
,,
,,
,,
,,
,,
,,
,,
,,
,,
,,
,,
,,
,,
,,
,,
,,
,,
,,
,,
,,
,,
,,
,,
,,
,,
,,
,,
,,
,,
,,
,,
,,
,,
,,
,,
,,
,,
,,
,,
,,
,,
,,
,,
,,
,,
,,
,,
68,1,67
68,2A,109
68,2B,35
68,3A,218
68,3B,43
68,3C,577
68,?,102
,,
,,
,,
,,
,,
,,
,,
,,
,,
,,
,,
,,
,,
,,
,,
,,
,,
,,
,,
,,
,,
,,
,,
,,
,,
,,
,,
,,
,,
,,
,,
,,
,,
,,
69,2A,14
69,3A,618
69,3B,75
69,3C,249
69,?,161
,,
,,
,,
,,
,,
,,
,,
,,
,,
,,
,,
,,
,,
,,
,,
,,
,,
,,
,,
,,
,,
,,
,,
,,
,,
,,
,,
,,
,,
,,
,,
,,
,,
,,
,,
,,
47,3A,1313
47,3C,14
47,?,181
,,
,,
,,
,,
,,
,,
,,
,,
,,
,,
,,
,,
,,
,,
,,
,,
,,
,,
46/47?,3A,179
46/47?,3C,51
46/47?,?,11
,,
,,
,,
46/47?,2A,171
46/47?,3A,93
46/47?,3B,26
46/47?,3C,2
46/47?,?,75
,,
,,
,,
,,
,,
,,
,,
,,
,,
,,
,,
,,
,,
70,2A,15
70,2B,6
70,3A,220
70,3B,464
70,3C,328
70,?,206
,,
,,
,,
,,
,,
,,
,,
,,
,,
,,
,,
,,
,,
,,
,,
,,
,,
,,
,,
,,
,,
,,
,,
,,
,,
,,
,,
,,
,,
,,
,,
,,
,,
,,
,,
,,
,,
,,
,,
,,
,,
,,
,,
,,
,,
,,
,,
,,
,,
,,
,,
,,
,,
,,
,,
,,
,,
,,
,,
,,
73,2B,6
73,3A,75
73,3B,18
73,?,24
,,
,,
,,
74,2B,4
74,3A,24
74,3B,123
74,3C,164
74,?,79
,,
,,
,,
,,
,,
,,
,,
,,
,,
,,
,,
,,
,,
,,
,,
,,
,,
75,2A,5
75,3A,16
75,3B,20
75,3C,165
75,?,23
,,
,,
,,
,,
,,
,,
,,
,,
,,
,,
,,
,,
,,
76,3A,21
76,3B,109
76,?,12
,,
,,
,,
78,3A,455
78,3B,305
78,3C,240
78,?,210
,,
,,
,,
,,
,,
,,
,,
,,
,,
,,
,,
,,
,,
,,
,,
,,
,,
,,
,,
,,
,,
,,
,,
,,
,,
,,
79,?,36
,,
83,3A,75
83,3B,213
83,3C,170
83,?,20
,,
,,
,,
,,
,,
,,
,,
,,
,,
,,
,,
,,
,,
,,
,,
,,
,,
,,
,,
,,
,,
,,
84,3B,68
84,3C,43
84,?,69
,,
,,
,,
,,
,,
,,
85,2A,5
85,2B,23
85,3A,22
85,3B,64
85,3C,96
85,?,5
,,
,,
,,
,,
,,
,,
,,
,,
,,
,,
,,
,,
GARNEK (86/85?),3B,733
,,
86,2B,28
86,3A,9
86,3B,221
86,3C,361
86,?,37
,,
,,
,,
,,
,,
,,
,,
,,
,,
,,
,,
,,
,,
,,
,,
,,
,,
,,
,,
,,
,,
,,
,,
,,
,,
,,
88,3B,5
88,3C,25
88,?,2
,,
90,3A,9
90,3B,11
90,?,7
,,
,,
,,
99,3A,33
,,
"""luźne""",2A,291
"""luźne""",3A,78
"""luźne""",3B,195
"""luźne""",3C,41
"""luźne""",?,49
,,
,,
,,
,,
,,
,,
,,
,,
,,
,,
,,
,,
,,
,,
,,
,,
,,
,,
,,
,,
,,
,,
,,
,,
,,
,,
104,2A,10
104,2B,37
104,3A,137
104,3B,662
104,3C,1955
104,?,253
,,
,,
,,
,,
,,
,,
,,
,,
,,
,,
,,
,,
,,
,,
,,
,,
,,
,,
,,
,,
,,
,,
,,
,,
,,
,,
,,
,,
,,
,,
,,
,,
,,
,,
,,
,,
,,
,,
,,
,,
,,
,,
,,
,,
,,
,,
,,
,,
,,
,,
,,
,,
,,
,,
,,
,,
,,
,,
,,
,,
,,
,,
,,
,,
,,
,,
,,
,,
,,
,,
,,
,,
,,
,,
,,
,,
,,
,,
,,
,,
,,
,,
,,
,,
,,
,,
,,
,,
,,
,,
,,
,,
,,
,,
,,
,,
,,
,,
,,
,,
,,
,,
,,
,,
,,
,,
,,
,,
,,
,,
,,
,,
,,
,,
,,
,,
,,
,,
,,
,,
,,
,,
,,
,,
,,
,,
,,
,,
,,
,,
,,
,,
,,
,,
,,
,,
,,
,,
,,
,,
,,
,,
,,
,,
,,
,,
,,
,,
,,
,,
,,
,,
,,
,,
,,
ar I,3B,24
ar I,3C,94
ar I,?,72
,,
,,
,,
,,
,,
,,
,,
,,
,,
ar II,1,80
ar II,3A,82
ar II,3B,8
ar II,3C,19
,,
,,
ar III,3A,12
ar III,3B,31
ar III,3C,69
ar III,4,4
ar III,?,26
,,
,,
,,
,,
,,
,,
ar V,1,15
ar V,2B,16
ar V,3A,68
ar V,3B,299
ar V,3C,280
ar V,?,91
,,
,,
,,
,,
,,
,,
,,
,,
,,
,,
,,
,,
,,
,,
,,
,,
,,
,,
,,
,,
,,
,,
,,
,,
,,
,,
,,
,,
,,
,,
,,
,,
ar VI,3A,30
ar VI,3B,135
ar VI,3C,115
ar VI,?,23
,,
,,
,,
,,
,,
,,
,,
,,
,,
,,
,,
,,
,,
ar VII,1,53
ar VII,2B,23
ar VII,3A,287
ar VII,3B,327
ar VII,3C,670
ar VII,4,104
ar VII,?,142
,,
,,
,,
,,
,,
,,
,,
,,
,,
,,
,,
,,
,,
,,
,,
,,
,,
,,
,,
,,
,,
,,
,,
,,
,,
,,
,,
,,
,,
,,
,,
,,
,,
,,
,,
,,
,,
,,
,,
,,
,,
,,
,,
,,
,,
,,
,,
,,
,,
,,
,,
,,
,,
,,
,,
,,
,,
,,
,,
,,
,,
,,
,,
,,
,,
,,
,,
,,
,,
,,
,,
ar VIII,3A,105
ar VIII,3B,52
ar VIII,3C,87
ar VIII,?,48
,,
,,
,,
,,
,,
,,
,,
,,
,,
,,
,,
,,
,,
,,
,,
ar IX,3A,315
ar IX,3B,115
ar IX,3C,100
ar IX,?,13
,,
,,
,,
,,
,,
,,
,,
,,
,,
,,
,,
,,
,,
,,
,,
,,
,,
,,
,,
,,
,,
,,
,,
,,
,,
,,
,,
,,
ar XII,3A,5
ar XII,3B,45
ar XII,3C,11
ar XII,?,13
,,
,,
,,
,,
,,
,,
,,
ar XIV,3B,1180
ar XIV,3C,166
ar XIV,?,1
,,
,,
,,
,,
,,
,,
,,
,,
,,
,,
,,
,,
,,
,,
,,
ar XV,3B,73
ar XV,3C,23
ar XV,?,4
,,
ar XVI,3A,14
ar XVI,3B,36
ar XVI,3C,18
ar XVI,?,29
,,
,,
,,
,,
ar XVII,3A,12
ar XVII,3C,29
ar XVII,?,27
,,
,,
ar XIX,3A,62
ar XIX,3B,10
ar XIX,3C,96
ar XIX,?,30